Album Title,Artist,Release Date,Number of Tracks,Album Duration,Digital Price,CD Price,Vinyl Price,Tags
Moss (Original Game Soundtrack),Jason Graves,2018-08-03,11,0 days 00:57:32,10,18,28,"['malukah', 'soundtrack', 'instrumental', 'jason graves', 'materia collective', 'moss game', 'orchestral', 'polyarc', 'video game music', 'video game soundtrack', 'Seattle']"
Moss: Book II (Original Game Soundtrack),Jason Graves,2022-07-21,17,0 days 01:39:06,10,25,40,"['soundtrack', 'instrumental', 'jason graves', 'materia collective', 'moss game', 'orchestral', 'polyarc', 'video game music', 'video game soundtrack', 'Seattle']"
Nightslink (Original Game Soundtrack),Valter Abreu,2022-11-29,6,0 days 00:18:55,5,,,"['electronic', 'gaming music', 'materia collective', 'valter abreu', 'ambiance', 'drone', 'horror', 'soundtrack', 'video game music', 'video game soundtrack', 'Portugal']"
Shadows Over Loathing (Original Game Soundtrack),Ryan Ike,2022-11-11,29,0 days 00:56:39,10,,,"['asymmetric', 'soundtrack', 'game soundtrack', 'indie games', 'kingdom of loathing', 'materia collective', 'piano', 'ryan ike', 'soundtrack', 'video game music', 'video game soundtrack', 'west of loathing', 'Seattle']"
"Pursuit ~ A Great Turnabout (from ""The Great Ace Attorney"")",Wayne Strange,2022-10-12,1,0 days 00:03:48,1,,,"[' video game remix', 'ace attorney', 'soundtrack', 'yasumasa kitagawa', 'capcom', 'jazz', 'materia collective', 'orchestral', 'vgm', 'vgmusic', 'video game music', 'wayne strange', 'Seattle']"
Music Box Classics: KINGDOM HEARTS II,Video Game Music Box,2022-08-26,10,0 days 00:33:40,10,,,"['soundtrack', 'danny elfman', 'disney', 'hans zimmer', 'kingdom hearts', 'music box', 'musicbox', 'square enix', 'video game music', 'video game soundtrack', 'xionlives', 'yoko shimomura', '八音盒', 'Seattle']"
Music Box Classics: MEGA MAN 2,Video Game Music Box,2022-08-09,10,0 days 00:26:42,10,,,"['soundtrack', 'takashi tateishi', 'capcom', 'materia collective', 'mega man', 'mega man 2', 'megaman', 'megaman 2', 'music box', 'musicbox', 'rockman', 'video game music', 'video game soundtrack', '八音盒', 'Seattle']"
Music Box Classics: FINAL FANTASY X,Video Game Music Box,2022-07-29,10,0 days 00:38:57,10,,,"['nobuo uematsu', 'soundtrack', 'square enix', 'final fantasy', 'final fantasy 10', 'final fantasy x', 'materia collective', 'music box', 'musicbox', 'video game music', 'video game soundtrack', '八音盒', 'Seattle']"
Music Box Classics: NieR​:​Automata,Video Game Music Box,2022-06-24,10,0 days 00:39:18,10,,,"['keiichi okabe', 'materia collective', 'nier', 'nier automata', 'soundtrack', 'square enix', 'music box', 'musicbox', 'video game music', 'video game soundtrack', '八音盒', 'Seattle']"
"Battle for Spira (from ""FINAL FANTASY X"")",Rozen,2022-06-14,1,0 days 00:05:05,1,,,"['final fantasy', 'final fantasy x', 'materia collective', 'nobuo uematsu', 'rozen', 'soundtrack', 'square enix', 'orchestral', 'video game music', 'video game soundtrack', 'videogame', 'Seattle']"
"Fated Children (from ""FINAL FANTASY VIII"")",Rozen,2022-06-14,1,0 days 00:04:41,1,,,"['final fantasy', 'final fantasy viii', 'materia collective', 'nobuo uematsu', 'rozen', 'soundtrack', 'square enix', 'orchestral', 'video game music', 'video game soundtrack', 'videogame', 'Seattle']"
Music Box Classics: Ragnarok Online,Video Game Music Box,2022-06-14,10,0 days 00:34:08,10,,,"['materia collective', 'ragnarok online', 'soundtemp', 'soundtrack', 'music box', 'musicbox', 'video game music', 'video game soundtrack', '八音盒', 'Seattle']"
"Where I Belong (from ""FINAL FANTASY VIII"")",Rozen,2022-06-14,1,0 days 00:04:55,1,,,"['final fantasy', 'final fantasy viii', 'materia collective', 'nobuo uematsu', 'rozen', 'soundtrack', 'square enix', 'orchestral', 'video game music', 'video game soundtrack', 'videogame', 'Seattle']"
"Wizpig (from ""Diddy Kong Racing"")",Rozen,2022-06-14,1,0 days 00:03:12,1,,,"['david wise', 'diddy kong racing', 'materia collective', 'nintendo', 'rozen', 'soundtrack', 'edm', 'electronic', 'video game music', 'video game soundtrack', 'videogame', 'Seattle']"
Music Box Classics: Super Mario Galaxy,Video Game Music Box,2022-06-03,10,0 days 00:36:51,10,,,"['koji kondo', 'materia collective', 'nintendo', 'soundtrack', 'super mario', 'super mario galaxy', 'music box', 'musicbox', 'video game music', 'video game soundtrack', '八音盒', 'Seattle']"
Music Box Classics: Plants vs Zombies,Video Game Music Box,2022-05-24,13,0 days 00:52:24,10,,,"['ea', 'laura shigihara', 'materia collective', 'plants vs zombies', 'soundtrack', 'music box', 'musicbox', 'video game music', 'video game soundtrack', '八音盒', 'Seattle']"
Live in Japan,Video Game Orchestra,2022-05-20,13,0 days 00:53:18,10,,,"['capcom', 'materia collective', 'okami', 'resident evil', 'soundtrack', 'street fighter', 'vgo', 'video game orchestra', 'orchestral', 'rock', 'symphonic rock', 'video game music', 'Boston']"
Music Box Classics: Xenogears,Video Game Music Box,2022-05-13,10,0 days 00:39:00,10,,,"['soundtrack', 'square enix', 'xenogears', 'yasunori mitsuda', 'music box', 'musicbox', 'video game music', 'video game soundtrack', '八音盒', 'Seattle']"
Music Box Classics: CHRONO CROSS,Video Game Music Box,2022-05-06,10,0 days 00:38:30,10,,,"['soundtrack', 'chrono', 'chrono cross', 'chrono trigger', 'materia collective', 'music box', 'musicbox', 'septima ley', 'square enix', 'video game music', 'video game soundtrack', 'yasunori mitsuda', '八音盒', 'Seattle']"
Music Box Classics: Hollow Knight,Video Game Music Box,2022-04-11,10,0 days 00:39:52,10,,,"['christopher larkin', 'hollow knight', 'materia collective', 'silksong', 'soundtrack', 'team cherry', 'music box', 'musicbox', 'video game music', 'video game soundtrack', '八音盒', 'Seattle']"
Music Box Classics: The Witcher 3 Wild Hunt,Video Game Music Box,2022-04-01,13,0 days 00:43:01,10,,,"['cd projekt red', 'materia collective', 'soundtrack', 'the witcher', 'the witcher 3', 'music box', 'musicbox', 'video game music', 'video game soundtrack', '八音盒', 'Seattle']"
Music Box Classics: The Legend of Zelda: Breath of the Wild,Video Game Music Box,2022-03-18,10,0 days 00:37:24,10,,,"['breath of the wild', 'koji kondo', 'nintendo', 'soundtrack', 'the legend of zelda', 'zelda', 'music box', 'musicbox', 'video game music', 'video game soundtrack', '八音盒', 'Seattle']"
Music Box Classics: DELTARUNE Vol. 3,Video Game Music Box,2022-03-04,10,0 days 00:38:01,10,,,"['soundtrack', 'undertale', 'deltarune', 'materia collective', 'music box', 'musicbox', 'toby fox', 'video game music', 'video game soundtrack', '八音盒', 'Seattle']"
Acoustica: The Legend of Zelda,String Player Gamer,2021-11-26,12,0 days 00:42:26,10,,,"['acoustic', 'materia collective', 'nintendo', 'string player gamer', 'the legend of zelda', 'zelda', 'acapella', 'guitar', 'orchestral', 'video game', 'violin', 'Los Angeles']"
KALEIDOSCOPE: Sakimoto and Hamauzu Works,"Josh Barron, ETHEReal String Orchestra",2021-11-23,14,0 days 00:59:18,12,20,,"['benyamin nuss', 'electronica', 'film and game music', 'final fantasy', 'hitoshi sakimoto', 'joe zieja', 'josh barron', 'masashi hamauzu', 'orchestral', 'pop', 'rock', 'soundtrack', 'vagrant story', 'valkyria chronicles', 'Portland']"
"Knock You Down !! (from ""DELTARUNE Chapter 2"")",FamilyJules,2021-11-09,1,0 days 00:03:03,1,,,"['metal', 'rock', 'deltarune', 'toby fox', 'undertale', 'video game music', 'San Diego']"
"A CYBER'S WORLD? (from ""DELTARUNE Chapter 2"") [Metal Version]",FamilyJules,2021-10-19,1,0 days 00:03:04,1,,,"['metal', 'rock', 'deltarune', 'materia collective', 'toby fox', 'undertale', 'video game cover', 'video game music', 'San Diego']"
GRIME Ambiances (Original Game Soundtrack),Sean Secca,2021-10-14,14,0 days 00:47:19,7,,,"['soundtrack', 'akupara games', 'grime', 'indie', 'materia collective', 'sean secca', 'video game', 'video game music', 'video game soundtrack', 'Los Angeles']"
"BIG SHOT (from ""DELTARUNE Chapter 2"") [Metal Version]",FamilyJules,2021-10-05,1,0 days 00:02:27,1,,,"['metal', 'rock', 'deltarune', 'familyjules', 'guitar', 'materia collective', 'toby fox', 'undertale', 'video game music', 'video game remix', 'San Diego']"
Live in Brazil,Video Game Orchestra,2021-10-01,14,0 days 01:10:54,10,,,"['soundtrack', 'castlevania', 'chrono cross', 'chrono trigger', 'final fantasy', 'materia collective', 'orchestral', 'rock', 'sonic', 'symphonic rock', 'video game music', 'video game orchestra', 'Boston']"
"Attack of the Killer Queen (from ""DELTARUNE Chapter 2"")",FamilyJules,2021-09-18,1,0 days 00:02:56,1,,,"['metal', 'rock', 'deltarune', 'deltarune remix', 'toby fox', 'undertale', 'undertale remix', 'video game music', 'San Diego']"
NieR: Become as Gods,ROZEN + REVEN,2021-08-27,11,0 days 00:43:56,12,25,50,"['keigo hoashi', 'keiichi okabe', 'nier', 'nier automata', 'soundtrack', 'hybrid', 'materia', 'soundtrack', 'video game music', 'video game soundtrack', 'videogame', 'ニーア オートマタ', 'Seattle']"
Gris Piano Collections,"David Peacock, Augustine Mayuga Gonzales",2021-08-20,15,0 days 01:05:34,10,25,49,"['berlinist', 'gris', 'materia collective', 'nomada studio', 'piano', 'piano collections', 'soundtrack', 'video game music', 'video game soundtrack', 'Seattle']"
Behind the Frame: The Finest Scenery (Original Game Soundtrack),"Yuchain Wang, Sung-Yueh Chou",2021-08-18,12,0 days 00:27:13,10,,,"['silver lining studio', 'soundtrack', 'akatsuki taiwan', 'akupara games', 'indie', 'jazz', 'materia collective', 'video game', 'video game music', 'video game soundtrack', 'vocal jazz', '曉數碼股份有限公司', 'Los Angeles']"
GRIME (Original Game Soundtrack),Alex Roe,2021-07-28,24,0 days 00:56:40,10,,,"['akupara games', 'clover bite', 'soundtrack', 'spooky doorway', 'akupara games', 'alex roe', 'dark souls', 'indie', 'materia collective', 'video game', 'video game music', 'video game soundtrack', 'Los Angeles']"
Noises from Shibuya,"Ronin Op F, Catboss.",2021-07-27,6,0 days 00:22:28,7,,,"['ishimoto takeharu', 'soundtrack', 'square enix', 'twewy', 'the world ends with you', 'breakbeat', 'digital funk', 'digital fusion', 'funk', 'materia', 'materia collective', 'ronin op f', 'soundtrack', 'video game music', 'Berkeley']"
Murderous Pursuits (Original Game Soundtrack),Luci Holland,2021-07-23,4,0 days 00:10:16,4,,,"['blazing griffin', 'murderous pursuits', 'soundtrack', 'ambience', 'classical', 'film music', 'game music', 'luci holland', 'orchestral', 'video game music', 'video game soundtrack', 'Edinburgh']"
"DUALITY (Music from ""The Legend of Zelda: Skyward Sword"")",David Peacock,2021-07-16,4,0 days 00:16:16,4,15,,"['david peacock', 'koji kondo', 'materia collective', 'nintendo', 'soundtrack', 'the legend of zelda', 'zelda', 'classical', 'film music', 'film score', 'orchestral hybrid', 'piano solo', 'string quartet', 'video game music', 'Boston']"
Carrion - The Prime Cuts (Original Game Soundtrack),Cris Velasco,2021-06-18,4,0 days 00:12:01,4,,,"['carrion', 'devolver digital', 'phobia game studio', 'soundtrack', 'dark ambient', 'horror', 'materia collective', 'orchestral', 'soundtrack', 'video game music', 'video game soundtrack', 'Los Angeles']"
Music Box Classics: Street Fighter II: The World Warrior,Video Game Music Box,2021-06-11,12,0 days 00:39:57,10,,,"['soundtrack', 'capcom', 'materia collective', 'music box', 'musicbox', 'street fighter', 'video game music', 'video game soundtrack', 'yoko shimomura', '八音盒', 'Seattle']"
The Darkside Detective: A Fumble in the Dark (Original Game Soundtrack),Thomas O'Boyle,2021-04-06,33,0 days 01:24:29,10,,,"['materia collective', 'soundtrack', 'akupara games', 'indie', 'video game', 'video game music', 'video game soundtrack', 'Los Angeles']"
Teratopia (Original Game Soundtrack),Ariel Contreras-Esquivel,2021-03-26,23,0 days 00:48:53,10,,,"['materia collective', 'rock', 'soundtrack', 'balcan', 'films', 'gypsy', 'jazz', 'klezmer', 'video game music', 'video game soundtrack', 'video games', 'Los Angeles']"
Unplugged,Video Game Orchestra,2020-12-17,6,0 days 00:24:13,6,,,"['animal crossing', 'castlevania', 'materia collective', 'nier', 'okami', 'resident evil', 'soundtrack', 'final fantasy', 'orchestral', 'rock', 'symphonic rock', 'video game music', 'Boston']"
Music Box Classics: The Legend of Zelda: Ocarina of Time,Video Game Music Box,2020-12-15,10,0 days 00:24:15,10,,,"['materia collective', 'soundtrack', 'koji kondo', 'materia collective', 'music box', 'musicbox', 'the legend of zelda', 'video game music', 'video game soundtrack', 'zelda', '八音盒', 'Seattle']"
A Merry Hyrule Christmas,Eric Buchholz,2020-11-26,8,0 days 00:31:51,10,,,"['eric buchholz', 'koji kondo', 'materia collective', 'soundtrack', 'christmas', 'holidays', 'orchestral', 'the legend of zelda', 'video game music', 'videogame', 'zelda', 'Seattle']"
Undertale LIVE,Fifth House Ensemble,2020-11-21,60,0 days 01:50:21,15,25,,"['eric roth', 'fifth house ensemble', 'materia collective', 'soundtrack', 'toby fox', 'undertale', 'undertale live', 'classical', 'video game music', 'Seattle']"
Aground (Original Game Soundtrack) [Deluxe Edition],Chase Bethea,2020-11-20,37,0 days 02:07:09,10,,,"['orchestral hybrid', 'soundtrack', 'ambient', 'chiptuneish', 'experimental', 'video game music', 'Los Angeles']"
Journey of the Heart (A Ni No Kuni Tribute),Mark Choi,2020-11-13,11,0 days 00:35:46,10,,,"['joe hisaishi', 'soundtrack', 'ambient', 'film', 'games', 'ni no kuni', 'piano', 'video game music', 'video game soundtrack', 'London']"
Crest of Flames,Rozen,2020-10-16,9,0 days 00:31:34,10,25,39,"['electronic', 'fire emblem', 'intelligent systems', 'materia collective', 'nintendo', 'soundtrack', 'orchestral', 'pop', 'video game music', 'video game soundtrack', 'videogame', 'Seattle']"
Joggernauts: Tunez From The Moonz,Robert Frost III,2020-10-11,17,0 days 00:46:33,5,,,"['electronic', 'indie pop', 'indie rock', 'joggernauts', 'materia collective', 'robert frost iii', 'soundtrack', 'space mace', 'video game music', 'video game soundtrack', 'Minneapolis']"
Ikenfell (Original Game Soundtrack),aivi &amp; surasshu,2020-10-08,75,0 days 01:48:32,10,,,"['electronic', 'aivi &amp; surasshu', 'chiptune', 'digital fusion', 'ikenfell', 'indie', 'instrumental', 'jazz', 'materia collective', 'soundtrack', 'vgm', 'video game music', 'video game soundtrack', 'California']"
The Invisible Hours (Original Game Soundtrack),Cris Velasco,2020-10-02,23,0 days 00:34:19,10,,,"['soundtrack', 'orchestral', 'soundtrack', 'video game music', 'video game soundtrack', 'Los Angeles']"
Dr. Glenn's Other Dreams: The Superliminal Sessions,"Matt Christensen, John Reeves",2020-09-29,11,0 days 01:01:34,7,,,"['soundtrack', 'electronic', 'epic', 'game music', 'jazz', 'orchestral', 'Australia']"
Superliminal (Original Game Soundtrack),Matt Christensen,2020-09-29,14,0 days 01:02:41,7,,,"['soundtrack', 'electronic', 'epic', 'game music', 'jazz', 'orchestral', 'Australia']"
The Tale of a Cruel World (Calamity Original Soundtrack),DM DOKURO,2020-09-25,45,0 days 04:00:03,5,,,"['ambient', 'chiptune', ""drum 'n bass"", ""drum 'n bass"", 'electronic', 'hardcore', 'idm', 'metal', 'orchestral metal', 'soundscape', 'trance', 'breakcore', 'trance', 'Greenfield']"
Fallen Hero,Ro Panuganti,2020-09-04,24,0 days 01:25:39,10,,,"['metal', 'progressive rock', 'undertale', 'video game soundtrack', 'progressive metal', 'soundtrack', 'video game music', 'North Carolina']"
Music Box Classics: Xenoblade Chronicles,Video Game Music Box,2020-08-21,10,0 days 00:33:29,10,,,"['ace+', 'manami kiyota', 'materia collective', 'monolith games', 'nintendo', 'soundtrack', 'xenoblade', 'xenoblade chronicles', 'yoko shimomura', 'music box', 'musicbox', 'video game music', 'video game soundtrack', '八音盒', 'Seattle']"
Spinch (Original Game Soundtrack),Thesis Sahib,2020-08-20,11,0 days 00:37:28,7,,,"['dark wave', 'soundtrack', 'akupara games', 'chiptune', 'electronic', 'indie', 'lo-fi', 'video game', 'video game music', 'video game soundtrack', 'Los Angeles']"
Ary and the Secret of Seasons (Original Game Soundtrack),Marcus Hedges,2020-08-18,35,0 days 01:07:47,10,,,"['soundtrack', 'fantasy', 'orchestral', 'video game music', 'video game soundtrack', 'Brighton']"
Music Box Classics: Deltarune Vol. 2,Video Game Music Box,2020-07-28,11,0 days 00:31:56,7,,,"['soundtrack', 'deltarune', 'music box', 'musicbox', 'toby fox', 'undertale', 'video game music', 'video game soundtrack', 'volume 2', '八音盒', 'Seattle']"
Carrion (Original Game Soundtrack),Cris Velasco,2020-07-23,25,0 days 00:55:26,10,,43,"['carrion', 'devolver digital', 'phobia game studio', 'soundtrack', 'dark ambient', 'horror', 'materia collective', 'orchestral', 'soundtrack', 'video game music', 'video game soundtrack', 'Los Angeles']"
Towards the Sun,BillyTheBard11th,2020-07-17,11,0 days 00:34:05,7,,,"['deathmetal', 'metal', 'djent', 'lo-fi', 'materia collective', 'nightmargin', 'oneshot', 'prog', 'prog metal', 'progressive metal', 'progressivemetal', 'video game music', 'video game soundtrack', 'Sweden']"
Music Box Classics: UNDERTALE Vol. 3,Video Game Music Box,2020-07-14,10,0 days 00:30:07,7,,,"['earthbound', 'soundtrack', 'toby fox', 'undertale', 'undertale remix', 'materia collective', 'music box', 'musicbox', 'video game music', 'video game soundtrack', '八音盒', 'Seattle']"
Devolver Digital® Cinematic Universe: Phase 1_FINAL​(​2​)​[​edit​]​USETHISONE (Original Soundtrack),John Robert Matz,2020-07-13,13,0 days 00:23:33,5,,,"['devolver digital', 'electronic', 'film score', 'john robert matz', 'materia collective', 'orchestral', 'soundtrack', ""the future's future's future"", 'video game music', 'stemage', 'video game music', 'video game soundtrack', 'Chicago']"
Play the Game (Devolver Digital® Cinematic Universe),Stemage,2020-07-11,1,0 days 00:04:30,1,,,"[""90's rock"", 'devolver digital', 'materia collective', 'rock', ""the future's future's future"", 'metal', 'space rock', 'stemage', 'video game music', 'video game soundtrack', 'Santa Cruz']"
"Funky Dealings, Vol. 1",Ronin Op F,2020-06-29,3,0 days 00:07:08,3,,,"['ronin op f', 'soundtrack', 'breakbeat', 'digital funk', 'digital fusion', 'funk', 'jet set radio', 'materia collective', 'sega', 'video game music', 'video game remix', 'Berkeley']"
Conspiravision: Deus Ex Remixed,"Alexander Brandon, Michiel van den Bos",2020-06-23,17,0 days 01:07:44,10,15,50,"['alexander brandon', 'deus ex', 'materia collective', 'michiel van den bos', 'soundtrack', 'electronic', 'electronica', 'soundtrack', 'synthwave', 'video game music', 'video game soundtrack', 'Georgetown']"
Fuzzy Pickles,GameLark,2020-06-05,9,0 days 00:27:18,7,,,"['hirokazu tanaka', 'keiichi suzuki', 'nintendo', 'soundtrack', 'earthbound', 'gamelark', 'materia collective', 'mother', 'vgm', 'video game music', 'video game soundtrack', 'Seattle']"
Music Box Classics: Minecraft,Video Game Music Box,2020-05-29,10,0 days 00:34:02,10,,,"['daniel rosenfeld', 'microsoft', 'soundtrack', 'c418', 'minecraft', 'music box', 'musicbox', 'video game music', 'video game soundtrack', '八音盒', 'Seattle']"
Beyond Skyrim: Three Kingdoms (Original Game Soundtrack),"Alex Catana, Jon Richards, Alex Jordon, Sergey Neiss, Vladislav Saturian",2020-05-12,101,0 days 06:20:33,10,,,"['soundtrack', 'soundtrack music', 'the elder scrolls', 'fantasy', 'orchestral', 'video game', 'video game music', 'video game soundtrack', 'Romania']"
Hang on to Your Hat,Video Game Jazz Orchestra,2020-05-08,11,0 days 00:48:20,10,20,,"['jazz', 'koji kondo', 'jazz orchestra', 'mario', 'materia collective', 'n64', 'nintendo', 'nintendo 64', 'soundtrack', 'super mario', 'super mario 64', 'video game', 'video game music', 'Nashville']"
Relic Hunters Zero: Remix (Original Game Soundtrack),Cat Arthur,2020-04-30,9,0 days 00:35:59,7,,,"['8bit', 'soundtrack', 'akupara games', 'chiptune', 'electronic', 'indie', 'materia collective', 'prog', 'prog rock cat arthur', 'relic hunters', 'video game', 'video game music', 'video game soundtrack', 'Los Angeles']"
Yooka​-​Laylee and the Impossible Lair: Retro Remix Soundtrack,Tater-Tot Tunes,2020-04-14,50,0 days 01:57:48,10,,,"['8bit', 'dan murdoch', 'david wise', 'grant kirkhope', 'matt griffin', 'playtonic', 'soundtrack', 'yooka-laylee', 'chiptune', 'video game', 'video game music', 'video game soundtrack', 'video games', 'videogame', 'United Kingdom']"
Guardia: The X​-​Strike Sessions,x-sessions,2020-04-07,7,0 days 00:22:27,7,,,"['soundtrack', 'chrono', 'chrono cross', 'chrono trigger', 'materia collective', 'video game music', 'video game remix', 'video game soundtrack', 'video games', 'yasunori mitsuda', 'yetee records', 'Seattle']"
The Keyblade War,ROZEN + REVEN,2020-03-27,16,0 days 01:07:28,13,25,45,"['kingdom hearts', 'kingdom hearts 3', 'soundtrack', 'yoko shimomura', 'game soundtrack', 'kingdom hearts remix', 'materia collective', 'skrillex', 'utada hikaru', 'video game music', 'video game soundtrack', 'videogame', 'Seattle']"
Strings of Fate,String Player Gamer,2020-03-24,10,0 days 00:40:47,10,,,"['acoustic', 'atlus', 'shoji meguro', 'acapella', 'guitar', 'materia collective', 'orchestral', 'persona', 'persona 5', 'string player gamer', 'video game', 'video game music', 'violin', 'Los Angeles']"
Music Box Classics: The Legend of Zelda: Twilight Princess,Video Game Music Box,2020-03-16,10,0 days 00:35:26,10,,,"['soundtrack', 'koji kondo', 'materia collective', 'music box', 'musicbox', 'the legend of zelda', 'video game music', 'video game soundtrack', 'zelda', '八音盒', 'Seattle']"
Starpoint Gemini 3 (Original Game Soundtrack),Nikola Nikita Jeremić,2020-02-25,15,0 days 00:57:08,7,,,"[' video game soundtrack', 'soundtrack', 'ambient', 'electronic', 'rock', 'synth', 'synthwave', 'video game', 'video game music', 'Belgrade']"
Reignite,Malukah,2020-02-21,1,0 days 00:03:19,1.29,,,"['bioware', 'christopher lennertz', 'clint mansell', 'ea', 'jack wall', 'richard jacques', 'sam hulick', 'soundtrack', 'covers', 'harmonies', 'mass effect', 'video game', 'video game music', 'videogame music', 'vocal', 'Monterrey']"
Etherborn (Original Game Soundtrack),Gabriel Garrido García,2020-02-14,21,0 days 00:58:12,7,,,"['gabriel garrido', 'gabriel garrido garcía', 'soundtrack', 'akupara games', 'etherborn', 'indie', 'materia collective', 'video game', 'video game music', 'video game soundtrack', 'Los Angeles']"
Music Box Classics: Sonic the Hedgehog,Video Game Music Box,2020-02-11,10,0 days 00:24:23,10,,,"['masato nakamura', 'soundtrack', 'music box', 'musicbox', 'sega', 'sonic', 'sonic the hedgehog', 'video game music', 'video game soundtrack', '八音盒', 'Seattle']"
Music Box Classics: Persona 5,Video Game Music Box,2020-02-07,10,0 days 00:34:11,10,,,"['atlus', 'shoji meguro', 'soundtrack', 'music box', 'musicbox', 'persona', 'persona 5', 'video game music', 'video game soundtrack', '八音盒', 'Seattle']"
Simple and Clean (Acoustic),Lunity,2020-01-25,1,0 days 00:03:12,1.10,,,"['acoustic', 'kingdom hearts', 'acoustic guitar', 'acoustic pop', 'chill', 'pop', 'soundtrack', 'utada hikaru', 'video game cover', 'video game music', 'United States']"
Mythic Ocean (Original Game Soundtrack),Darren Malley,2020-01-17,55,0 days 02:33:49,9,,,"['soundtrack', 'ambient', 'electronic', 'vgmusic', 'video game', 'video game soundtrack', 'Austin']"
Metroid Piano,DS Music,2020-01-14,6,0 days 00:20:14,5,,,"['soundtrack', 'metroid', 'metroid prime', 'piano', 'super metroid', 'video game music', 'video game soundtrack', 'United States']"
Bits and Bytes,Videri String Quartet,2020-01-03,11,0 days 00:51:51,10,,,"['classical', 'quartet', 'video game music', 'video game soundtrack', 'Boston']"
Card of Darkness: The Remixes,Stemage,2019-12-16,13,0 days 00:47:02,,,,"['brave wave', 'card of darkness', 'electronic', 'grant henry', 'japan', 'stemage', 'experimental', 'vgm', 'video game music', 'videogames', 'Shibuya']"
Multiplayer 5: Connection,Multiplayer Charity,2019-12-16,23,0 days 01:27:17,15,,,"['soundtrack', 'charity', 'soundtrack', 'video game music', 'video game remix', 'video game soundtrack', 'Seattle']"
Super Rad Raygun: Raymastered and Raymixed,Nathaniel Chambers,2019-12-06,27,0 days 00:59:45,7,,,"['electronic', 'experimental', 'soundtrack', 'instrumental', 'video game music', 'video game soundtrack', 'Austin']"
Mutazione (Original Game Soundtrack),Alessandro Coronas,2019-12-05,36,0 days 04:04:22,7,,,"['1960s', 'akupara games', 'alessandro coronas', 'die gute fabrik', 'materia collective', 'mutazione', 'soundtrack', 'surf rock', 'akupara games', 'indie', 'tropical', 'video game', 'video game music', 'video game soundtrack', 'Los Angeles']"
Club Ocarina: An EDM Tribute to the Legend of Zelda,OverClocked Records,2019-12-03,12,0 days 00:49:26,10,,,"['electronic', 'soundtrack', 'materia collective', 'nintendo', 'overlcocked records', 'the legend of zelda', 'video game cover', 'video game music', 'video game remix', 'Fairfax']"
Hollow Knight Piano Collections,"David Peacock, Augustine Mayuga Gonzales",2019-11-28,15,0 days 00:59:51,10,25,50,"['augustine mayuga gonzales', 'christopher larkin', 'classical', 'david peacock', 'hollow knight', 'piano', 'piano collections', 'soundtrack', 'video game music', 'video game soundtrack', 'Seattle']"
GYLT (Original Game Soundtrack),Cris Velasco,2019-11-26,20,0 days 00:48:15,10,,,"['soundtrack', 'ambient', 'cris velasco', 'horror', 'instrumental', 'materia collective', 'orchestral', 'soundtrack', 'tequila works', 'video game music', 'video game soundtrack', 'Los Angeles']"
Time &amp; Space,Braxton Burks,2019-11-22,16,0 days 01:04:34,10,20,,"['soundtrack', 'braxton burks', 'materia', 'materia collective', 'pokemon', 'pokemon reorchestrated', 'video game music', 'video game remix', 'Seattle']"
Parallelus,David Peacock,2019-11-18,7,0 days 00:29:51,8,16,,"['soundtrack', 'chrono cross', 'david peacock', 'film music', 'film score', 'piano solo', 'square enix', 'string quartet', 'video game cover', 'video game music', 'video game soundtrack', 'yasunori mitsuda', 'Boston']"
Bee Simulator (Original Game Soundtrack),Mikolai Stroinski,2019-11-14,28,0 days 00:36:38,10,,,"['soundtrack', 'orchestral', 'soundtrack', 'video game music', 'video game soundtrack', 'Los Angeles']"
King's League II (Original Game Soundtrack),Materia Collective,2019-11-12,27,0 days 00:50:09,10,,,"['elmer ho', 'falk au yeong', ""king's league"", ""king's league ii"", 'materia collective', 'shota nakama', 'video game music', 'video game soundtrack', 'Seattle']"
Sacred Groves: A Celtic VGM Tribute,Psamathes,2019-11-08,8,0 days 00:21:43,7,,,"['folk', 'celeste', 'experimental', 'female vocals', 'final fantasy', 'hollow knight', 'materia collective', 'octopath traveler', 'orchestral pop', 'soprano', 'soundtrack', 'the legend of zelda', 'undertale', 'video game music', 'Italy']"
Music Box Classics: Octopath Traveler,Video Game Music Box,2019-11-07,12,0 days 00:38:17,10,,,"['soundtrack', 'yasunori nishiki', 'music box', 'musicbox', 'octopath traveler', 'square enix', 'video game music', 'video game soundtrack', '八音盒', 'Seattle']"
Soul Mates,The Worst Grim Reaper,2019-10-31,12,0 days 00:18:52,5,,,"['alternative', 'death metal', 'soul', 'indie', 'New York']"
Yooka​-​Laylee and the Impossible Lair (Original Game Soundtrack),"David Wise, Grant Kirkhope, Matt Griffin &amp; Dan Murdoch",2019-10-16,57,0 days 02:05:55,10,,,"['dan murdoch', 'david wise', 'grant kirkhope', 'matt griffin', 'playtonic', 'soundtrack', 'yooka-laylee', 'video game', 'video game music', 'video game soundtrack', 'video games', 'videogame', 'United Kingdom']"
Ophelia's Vision,The Travelers VGM,2019-10-04,1,0 days 00:02:40,1,,,"['folk', 'acoustic', 'trad', 'traditional', 'vgm', 'video game', 'Seattle']"
Metal Trainer,Ro Panuganti,2019-09-20,9,0 days 00:30:31,7,,,"['metal', 'progressive rock', 'materia collective', 'pokemon', 'prog metal', 'progressive metal', 'vgm', 'video game music', 'North Carolina']"
Card of Darkness (Original Game Soundtrack),Stemage,2019-09-19,13,0 days 00:34:59,7,,,"[""90's rock"", 'rock', 'apple arcade', 'card of darkness', 'materia collective', 'metal', 'soundtrack', 'space rock', 'stemage', 'video game music', 'Santa Cruz']"
World War Toons: VR Arcade Experience (Original Game Soundtrack),Kevin Smithers,2019-09-17,13,0 days 00:21:27,7,,,"['soundtrack', 'video game music', 'Los Angeles']"
Field of Hopes and Strings,String Player Gamer,2019-09-13,14,0 days 00:42:23,7,,,"['acoustic', 'acapella', 'guitar', 'orchestral', 'video game', 'violin', 'Los Angeles']"
Celeste: Farewell (Original Soundtrack),Lena Raine,2019-09-09,13,0 days 00:39:14,9,,,"['soundtrack', 'breakbeat', 'celeste', 'digital fusion', 'kuraine', 'lena raine', 'piano', 'video game music', 'video game soundtrack', 'Seattle']"
From Orbit (Original Game Soundtrack),tenfour,2019-09-06,12,0 days 00:23:44,7,,,"['jazz', 'chiptune', 'electronic', 'funk', 'fusion', 'jazz', 'materia collective', 'soundtrack', 'tenfour', 'video game music', 'video game soundtrack', 'Brussels']"
Lucah: The Descent (Original Game Soundtrack),Nicolo Telesca,2019-09-04,8,0 days 00:16:30,7,,,"['lucah', 'nicolo telesca', 'soundtrack', 'ambient', 'materia collective', 'video game music', 'video game soundtrack', 'Connecticut']"
Aground Original Soundtrack,Chase Bethea,2019-08-31,27,0 days 01:37:55,7,,,"['orchestral hybrid', 'soundtrack', 'abstract', 'ambient', 'chiptuneish', 'experimental', 'fusion', 'improvistation', 'instrumental', 'melodic', 'relaxing', 'retro', 'video game music', 'video game soundtrack', 'Los Angeles']"
"Music Box Classics: Final Fantasy IX, Vol. 1",Video Game Music Box,2019-08-30,10,0 days 00:33:00,7,,,"['soundtrack', 'music box', 'musicbox', 'video game music', 'video game soundtrack', '八音盒', 'Seattle']"
"Music Box Classics: Final Fantasy VI, Vol. 1",Video Game Music Box,2019-08-30,10,0 days 00:28:47,7,,,"['soundtrack', 'music box', 'musicbox', 'video game music', 'video game soundtrack', '八音盒', 'Seattle']"
"Music Box Classics: Final Fantasy VIII, Vol. 1",Video Game Music Box,2019-08-30,10,0 days 00:36:27,7,,,"['soundtrack', 'music box', 'musicbox', 'video game music', 'video game soundtrack', '八音盒', 'Seattle']"
"Resurrection of the Night: Alucard's Elegy (Music from ""Castlevania: Symphony of the Night"")",Materia Collective,2019-08-23,13,0 days 00:48:16,10,25,,"['castlevania', 'konami', 'materia collective', 'symphony of the night', 'orchestra', 'soundtrack', 'video game music', 'Seattle']"
Chicory: An Afternoon in Luncheon,Lena Raine,2019-08-15,8,0 days 00:15:09,5,,,"['soundtrack', 'digital fusion', 'video game music', 'video game soundtrack', 'Seattle']"
Arcade Spirits (Original Game Soundtrack),Greg Mirles,2019-08-09,16,0 days 00:52:13,7,,,"['soundtrack', 'soundtrack', 'video games', 'Pittsburgh']"
ZED (Original Game Soundtrack),Terry L Williams &amp; Alex Parrish,2019-07-26,27,0 days 01:16:18,5,,,"['cyan ventures', 'eagre games', 'zed', 'ambient', 'soundtrack', 'video game music', 'video game soundtrack', 'Seattle']"
Elsinore (Original Game Soundtrack),Adam Gubman,2019-07-19,52,0 days 01:51:50,10,20,,"[' video game music', 'adam gubman', 'elsinore', 'golden glitch', 'materia collective', 'soundtrack', 'soundtrack', 'video game soundtrack', 'Los Angeles']"
Rend,Neal Acree,2019-07-05,23,0 days 00:54:45,6.99,15,30,"['neal acree', 'soundtrack', 'epic', 'folk', 'nordic', 'orchestral', 'scandinavian', 'scandinavian folk', 'vgm', 'video game music', 'video game soundtrack', 'viking', 'world', 'Los Angeles']"
Devolver Digital® Cinematic Universe: Phase 1 (Original Soundtrack),John Robert Matz,2019-06-09,34,0 days 00:22:11,5,,,"['devolver digital', 'electronic', 'film score', 'imagos films', 'orchestral', 'soundtrack', 'video game music', 'video game soundtrack', 'Chicago']"
Hearts of Light,GameLark,2019-06-04,15,0 days 00:54:33,10,,,"['soundtrack', 'tsuyoshi sekito', 'utada hikaru', 'gamelark', 'kingdom hearts', 'square enix', 'vgm', 'video game music', 'video game soundtrack', 'yoko shimomura', 'Seattle']"
Battle with the Colossus,Ferdk,2019-05-17,11,0 days 00:28:23,7,,,"['kow otani', 'metal', 'instrumental', 'materia collective', 'metal', 'rock', 'shadow of the colossus', 'video game music', 'videogames', 'Argentina']"
Bubsy: Paws on Fire! (Original Game Soundtrack),Stemage,2019-05-16,34,0 days 01:06:02,7,,,"[""90's rock"", 'rock', 'accolade', 'bubsy', 'materia collective', 'metal', 'space rock', 'stemage', 'video game music', 'video game soundtrack', 'Santa Cruz']"
"Music Box Classics: UNDERTALE, Vol. 2",Video Game Music Box,2019-05-07,10,0 days 00:28:07,7,,,"['earthbound', 'soundtrack', 'toby fox', 'undertale', 'undertale remix', 'materia collective', 'music box', 'musicbox', 'video game music', 'video game soundtrack', '八音盒', 'Seattle']"
"Between Earth and Sky (Music from ""Chrono Trigger"")",Julia Henderson,2019-05-03,6,0 days 00:23:32,5,,,"['julia henderson', 'soundtrack', 'choral', 'chrono', 'chrono trigger', 'electroacoustic', 'jazz', 'materia', 'materia collective', 'soundtrack', 'square enix', 'video game', 'video game music', 'vocal', 'yasunori mitsuda', 'Toronto']"
Dance of Death: Du Lac &amp; Fey (Original Game Soundtrack),Jools Scott &amp; Jeff Rona,2019-04-26,39,0 days 01:47:13,10,,,"['jeff rona', 'soundtrack', 'du lac &amp; fey', 'du lac and fey', 'jools scott', 'salix games', 'soundtrack', 'video game music', 'video game soundtrack', 'London']"
"Press Garden Zone (from ""Sonic Mania"") (Chillwave Remix)","Laura Platt, Plasma3Music",2019-04-23,1,0 days 00:04:30,1,,,"['chillwave', 'materia', 'materia collective', 'remix', 'sega', 'sonic', 'sonic mania', 'tee lopes', 'video game music', 'Seattle']"
Speed Mario Bros,Louie Aronowitz,2019-04-12,15,0 days 00:20:58,10,,,"['pop', 'koji kondo', 'materia collective', 'super mario', 'super mario bros', 'video game', 'video game music', 'video game soundtrack', 'New York']"
"ICEBOUND: A ""God of War"" Tribute","Dacian Grada, Danilo Ciaffi, Psamathes",2019-03-15,6,0 days 00:21:01,5,,,"['bear mccreary', 'dacian grada', 'danilo ciaffi', 'god of war', 'icebound', 'materia', 'psamathes', 'video game music', 'video game soundtrack', 'Seattle']"
Bloody Trapland 2: Curiosity (Original Game Soundtrack),Fredrik Häthén,2019-03-12,27,0 days 00:42:05,10,,,"['bloody trapland', 'fredrik häthén', 'soundtrack', 'game music', 'game soundtrack', 'video game music', 'video game soundtrack', 'Sweden']"
"Good Egg (from ""Super Mario Galaxy"")",Ben Briggs,2019-03-01,1,0 days 00:03:38,1.29,,,"['8-bit', 'chiptune', 'edm', 'electro house', 'electronic', 'house', 'video game', 'electro', 'electronica', 'nintendo', 'soundtrack', 'video game music', 'video game remix', 'Florida']"
Music Box Classics: The Wind Waker,Video Game Music Box,2019-02-26,10,0 days 00:28:40,7,,,"['hajime wakai', 'kenta nagata', 'koji kondo', 'soundtrack', 'the legend of zelda', 'toru minegishi', 'music box', 'musicbox', 'nintendo', 'the wind waker', 'video game music', 'video game soundtrack', 'zelda', '八音盒', 'Seattle']"
Chamber Works: NieR Automata,Sean Schafianski,2019-02-23,7,0 days 00:29:04,7,15,,"['sean schafianski', 'soundtrack', 'covers', 'games', 'materia', 'materia collective', 'nier', 'nier automata', 'remixes', 'soundtrack', 'vgm', 'video game music', 'video game soundtrack', 'Phoenix']"
West of Loathing: Reckonin' at Gun Manor (Original Game Soundtrack),Ryan Ike,2019-02-19,4,0 days 00:10:47,,,,"['asymmetric', 'soundtrack', 'game soundtrack', 'indie games', 'kingdom of loathing', 'materia collective', 'piano', 'ryan ike', 'soundtrack', 'video game music', 'video game soundtrack', 'west of loathing', 'western', 'Seattle']"
Grapple Force Rena (Original Game Soundtrack),GalaxyTrail,2019-02-15,37,0 days 01:28:53,10,,,"['dm dokuro', 'jarad moloney', 'jason lord', 'michael staple', 'scooblee', 'sean evans', 'soundtrack', 'will bowerman', 'grapple force rena', 'video game', 'video game music', 'video game soundtrack', 'videogame', 'Waterloo']"
Bound Together: An RPG​-​Inspired Journey,Chris Porter,2019-02-01,38,0 days 01:16:32,8,,,"['soundtrack', 'game music', 'game soundtrack', 'video game music', 'video game soundtrack', 'Japan']"
Anyone's Diary (Original Game Soundtrack),Damian Sanchez,2019-01-31,9,0 days 00:26:17,5,,,"['soundtrack', 'game', 'instrumental', 'orchestral', 'original', 'Alboraya']"
"Dearly Beloved 2018 (from ""KINGDOM HEARTS"")",Kyle Landry,2019-01-29,1,0 days 00:16:54,2,,,"['soundtrack', 'classical', 'disney', 'instrumental', 'kh', 'kh2', 'kh3', 'kingdom hearts', 'kingdom hearts 3', 'piano', 'square enix', 'video game music', 'video game soundtrack', 'yoko shimomura', 'Los Angeles']"
"Music Box Classics: KINGDOM HEARTS, Vol. 1",Video Game Music Box,2019-01-29,15,0 days 00:36:59,7,,,"['soundtrack', 'music box', 'musicbox', 'video game music', 'video game soundtrack', '八音盒', 'Seattle']"
Celeste Piano Collections,Trevor Alan Gomes,2019-01-25,13,0 days 00:41:43,10,20,30,"['soundtrack', 'celeste', 'classical', 'lena raine', 'materia', 'materia collective', 'piano', 'piano collection', 'piano collections', 'video game', 'video game music', 'video game soundtrack', 'Los Angeles']"
Night of the Blood Moon (Original Game Soundtrack),Chris Logsdon,2019-01-21,10,0 days 00:17:07,5,,,"['soundtrack', 'chris logsdon', 'electronic', 'experimental', 'gaming', 'indie game', 'night of the blood moon', 'rock', 'soundtrack', 'vgm', 'video game music', 'video game soundtrack', 'Los Angeles']"
"Scarlet Forest (from ""DELTARUNE"") (Metal Version)",FamilyJules,2019-01-15,1,0 days 00:02:59,1,,,"['metal', 'rock', 'San Diego']"
Fortuna: The Sector X Sessions,Various Artists,2019-01-09,9,0 days 00:18:22,7,,,"['hajime hirasawa', 'hajime wakai', 'kenta nagata', 'koji kondo', 'materia collective', 'nintendo', 'soundtrack', 'star fox', 'star fox 64', 'starfox', 'yetee records', 'video game music', 'video game remix', 'video game soundtrack', 'video games', 'Seattle']"
"Layer Cake (from ""Persona 5"") (Metal Version)",FamilyJules,2019-01-08,1,0 days 00:04:07,1,,,"['metal', 'rock', 'San Diego']"
"Vs. Susie (from ""DELTARUNE"") (Metal Version)",FamilyJules,2019-01-01,1,0 days 00:03:03,1,,,"['metal', 'rock', 'deltarune', 'familyjules', 'materia', 'materia collective', 'toby fox', 'video game music', 'San Diego']"
TWEWY: Signals from Shibuya EP,Ronin Op F,2018-12-21,4,0 days 00:13:09,3,,,"['ishimoto takeharu', 'soundtrack', 'square enix', 'twewy', 'the world ends with you', 'big beat', 'breakbeat', 'digital funk', 'digital fusion', 'funk', 'materia', 'materia collective', 'ronin op f', 'soundtrack', 'video game music', 'Berkeley']"
"RE​:​Imagine - Music From ""The World Ends with You""",Catboss.,2018-12-20,11,0 days 00:43:38,7,,,"['experimental', 'ishimoto takeharu', 'square enix', 'twewy', 'the world ends with you', 'catboss.', 'instrumental', 'jazz', 'materia collective', 'multiple genres', 'soundtrack', 'video game music', 'vocal', 'Singapore']"
"Chaos King (from ""DELTARUNE"")",FamilyJules,2018-12-18,1,0 days 00:03:16,1,,,"['metal', 'rock', 'deltarune', 'familyjules', 'materia', 'materia collective', 'richaadeb', 'toby fox', 'video game music', 'San Diego']"
Lullaby for Lancer,Lena Raine,2018-12-11,2,0 days 00:05:25,2,,,"['soundtrack', 'deltarune', 'digital fusion', 'kuraine', 'lena raine', 'piano', 'synth', 'toby fox', 'undertale', 'video game music', 'video game remix', 'video game soundtrack', 'Seattle']"
"The World Revolving (from ""DELTARUNE"")",FamilyJules,2018-12-11,1,0 days 00:03:30,1,,,"['metal', 'rock', 'San Diego']"
Snowtopia,The Game Brass,2018-12-10,11,0 days 00:43:11,9,,,"['soundtrack', 'brass', 'brass quintet', 'christmas', 'earthbound', 'final fantasy', 'holiday', 'kingdom hearts', 'persona 4', 'super mario', 'undertale', 'vgmusic', 'video game', 'video game music', 'world of warcraft']"
Omen of Sorrow (Original Game Soundtrack),Francisco Cerda,2018-12-07,16,0 days 01:10:50,7,,,"['8bit', 'aone games', 'soundtrack', 'chiptune', 'electro', 'francisco cerda', 'industrial', 'materia collective', 'metal', 'omen of sorrow', 'retrowave', 'synth', 'synthwave', 'video game music', 'video game soundtrack', 'Santiago']"
"Battle Vs. Trainer (from ""Pok​é​mon Red and Blue"")",FamilyJules,2018-12-04,1,0 days 00:03:57,1,,,"['metal', 'rock', 'familyjules', 'pokemon', 'pokemon blue', 'pokemon red', 'video game music', 'San Diego']"
Children of Termina,Rozen,2018-11-30,17,0 days 01:11:36,12,,60,"['materia collective', 'soundtrack', 'koji kondo', ""majora's mask"", 'nintendo', 'soundtrack', 'the legend of zelda', 'video game music', 'video game soundtrack', 'videogame', 'zelda', 'Seattle']"
"Rude Buster (from ""DELTARUNE"") [Metal Version]",FamilyJules,2018-11-27,1,0 days 00:02:55,1,,,"['metal', 'rock', 'San Diego']"
Deltarune Remixes,Dj CUTMAN,2018-11-21,10,0 days 00:43:27,,,,"['electronic', 'beats', 'chip hop', 'chiptune', 'deltarune', 'drum and bass', 'electronica', 'future funk', 'game music', 'lofi', 'lofi beats', 'lofi hip hop', 'trip hop', 'undertale', 'vgm', 'video game music', 'Philadelphia']"
"Field of Hopes and Dreams (from ""DELTARUNE"") [Metal Version]",FamilyJules,2018-11-20,1,0 days 00:03:08,1,,,"['metal', 'rock', 'San Diego']"
COLINA: Legacy (Original Game Soundtrack),Hexany Audio,2018-11-16,22,0 days 00:36:02,5,,,"['colina legacy', 'hexany audio', 'matthew carl earl', 'richard ludlow', 'soundtrack', 'chance6', 'hexany audio', 'horror', 'instrumental', 'orchestral', 'video game music', 'video game soundtrack', 'Bell Gardens']"
0​°​N 0​°​W (Original Game Soundtrack),colorfiction,2018-11-13,19,0 days 02:39:29,5,,,"['0n0w', 'experimental', 'soundtrack', 'abstract', 'ambient', 'colorfiction', 'noise', 'soundscapes', 'space', 'surreal', 'video game music', 'video game soundtrack', 'videogame', 'United States']"
"Main Theme (from ""Super Smash Bros. Ultimate"")",FamilyJules,2018-11-13,1,0 days 00:03:03,1,,,"['metal', 'rock', 'sakimoto hitoshi', 'familyjules', 'nintendo', 'super smash bros', 'super smash brothers', 'video game music', 'San Diego']"
"Music Box Classics: The Elder Scrolls, Vol. 1",Video Game Music Box,2018-11-11,12,0 days 00:32:54,7,,,"['bethesda', 'soundtrack', 'jeremy soule', 'morrowind', 'music box', 'musicbox', 'oblivion', 'the elder scrolls', 'video game music', 'video game soundtrack', 'zenimax', '八音盒', 'Seattle']"
Music Box Classics: Deltarune,Video Game Music Box,2018-11-10,12,0 days 00:32:11,7,,,"['soundtrack', 'undertale', 'deltarune', 'materia collective', 'music box', 'musicbox', 'toby fox', 'video game music', 'video game soundtrack', '八音盒', 'Seattle']"
Joystuck,Mantra Sound,2018-11-09,7,0 days 00:23:00,5,,,"['rock', 'crash bandicoot', 'edinburgh', 'final fantasy', 'final fantasy vii', 'life is strange', 'materia collective', 'rock', 'sonic the hedgehog', 'super bomberman', 'super smash bros', 'video game music', 'Edinburgh']"
VR Hero Sentry (Original Game Soundtrack),Gregory Tan,2018-11-06,7,0 days 00:13:11,5,,,"['soundtrack', 'cinematic', 'film music', 'gregory tan', 'orchestral', 'video game music', 'video game soundtrack', 'vr hero sentry', 'Los Angeles']"
"Don't Forget (from ""DELTARUNE"")","Adriana Figueroa, FamilyJules",2018-11-02,1,0 days 00:01:34,1,,,"['metal', 'rock', 'undertale', 'video game music', 'deltarune', 'materia collective', 'toby fox', 'San Diego']"
The Eightfold Road: Metal Arrangements from Octopath Traveler,FamilyJules,2018-10-28,32,0 days 01:51:39,12,20,,"['metal', 'rock', 'yasunori nishiki', 'octopath traveler', 'square enix', 'video game music', 'video game soundtrack', 'San Diego']"
Entirely Ambushed (Original Game Soundtrack),Zach Smith,2018-10-23,16,0 days 00:33:08,5,,,"['soundtrack', 'chiptune', 'classical', 'entirely ambushed', 'orchestral', 'video game music', 'video game soundtrack', 'zach smith', 'Canada']"
C​-​Wars (Original Game Soundtrack),tenfour,2018-10-19,17,0 days 00:41:56,3.69,,,"['jazz', 'c-wars', 'chiptune', 'digital fusion', 'electronic', 'funk', 'fusion', 'jazz', 'tenfour', 'video game music', 'video game soundtrack', 'Brussels']"
Joggernauts (Original Game Soundtrack),Robert Frost III,2018-10-11,30,0 days 01:04:51,7,,,"['electronic', 'indie pop', 'indie rock', 'joggernauts', 'robert frost iii', 'soundtrack', 'video game music', 'video game soundtrack', 'Minneapolis']"
Stardew Valley Piano Collections,"Augustine Mayuga Gonzales, Matthew Bridgham",2018-10-05,22,0 days 01:06:29,12,25,,"['augustine mayuga gonzales', 'concernedape', 'david peacock', 'matthew bridgham', 'stardew valley', 'piano collection', 'piano collections', 'soundtrack', 'video game music', 'video game soundtrack', 'Seattle']"
Multiplayer 4: RESCUE,Multiplayer Charity,2018-10-02,13,0 days 00:41:59,12,,,"['materia collective', 'multiplayer charity', 'okami', 'ori and the blind forest', 'pokémon', 'pyre', 'soundtrack', 'star fox', 'the legend of zelda', 'worms', 'charity', 'soundtrack', 'video game music', 'video game remix', 'video game soundtrack', 'Seattle']"
Zelda Cinematica: A Symphonic Tribute,Sam Dillard,2018-09-28,16,0 days 01:42:54,12,30,45,"['soundtrack', 'cinematic', 'cinematica', 'epic', 'game', 'game music', 'remix', 'sam dillard', 'symphonic', 'the legend of zelda', 'vgmusic', 'video game music', 'video game soundtrack', 'Fort Worth']"
Timespinner (Original Game Soundtrack),Jeff Ball,2018-09-25,57,0 days 02:16:31,10,25,,"['jeff ball', 'soundtrack', 'timespinner', 'relaxing music', 'video game music', 'video game soundtrack', 'Los Angeles']"
CrossCode (Original Game Soundtrack),Deniz Akbulut,2018-09-20,64,0 days 02:16:39,10,,50,"['soundtrack', 'vgm', 'electronic', 'fusion', 'game music', 'jazz', 'jazz fusion', 'onigiri', 'orchestral', 'progressive rock', 'video game music', 'video game soundtrack', 'Japan']"
Lamplight City (Original Game Soundtrack),Mark Benis,2018-09-13,41,0 days 01:26:13,7,,,"['8-bit', 'soundtrack', 'film music', 'film score', 'mysterious', 'noir', 'orchestral', 'video game music', 'video game soundtrack', 'New York']"
"CHIKAI / Don't Think Twice (from ""KINGDOM HEARTS III"") [Piano Solo]",Project Destati,2018-08-31,1,0 days 00:04:37,1,,,"['soundtrack', 'instrumental', 'kingdom hearts', 'kingdom hearts 3', 'kingdom hearts iii', 'orchestral', 'project destati', 'square enix', 'utada hikaru', 'video game music', 'yoko shimomura', 'Seattle']"
"Synthwave 4 Charity, Vol. 1",Synthwave 4 Charity,2018-08-31,19,0 days 01:11:50,10,,,"['electronic', 'cyberpunk', 'darkwave', 'dreamwave', 'futuresynth', 'materia collective', 'outrun', 'retro', 'retrowave', 'soundtrack', 'synthpop', 'synthwave', 'vaporwave', 'video game music', 'Seattle']"
Lucah: Born of a Dream (Original Game Soundtrack),Nicolo Telesca,2018-08-21,42,0 days 01:43:26,7,,,"['lucah', 'nicolo telesca', 'soundtrack', 'ambient', 'materia collective', 'video game music', 'video game soundtrack', 'Connecticut']"
ikenie (Original Game Soundtrack),Chris Porter,2018-08-21,7,0 days 00:17:10,3,,,"['chris porter', 'chris porter music', 'ost', 'soundtrack', 'vgm', 'akumu games', 'game music', 'game soundtrack', 'ikenie', 'soundtrack', 'video game', 'video game music', 'video game soundtrack', 'Japan']"
Lo​-​fi 1UP - Relaxing Video Game Music,Pokérus Project,2018-08-20,10,0 days 00:49:55,7,,,"['final fantasy', 'final fantasy vi', 'pokemon', 'progressive rock', 'rock', 'super mario world', 'undertale', 'zelda', 'alternative rock', 'experimental rock', 'video game music', 'video game ost', 'video game soundtrack', 'Santiago']"
Music Box Classics: Castlevania,Video Game Music Box,2018-08-14,15,0 days 00:33:21,7,,,"['castlevania', 'castlevania 2', 'castlevania 3', ""dracula's curse"", 'konami', ""simon's quest"", 'soundtrack', 'symphony of the night', 'music box', 'musicbox', 'video game music', 'video game soundtrack', '八音盒', 'Seattle']"
Music Box Classics: Chrono Trigger,Video Game Music Box,2018-08-14,17,0 days 00:41:11,7,,,"['chrono', 'chrono cross', 'chrono trigger', 'soundtrack', 'square enix', 'music box', 'musicbox', 'video game music', 'video game soundtrack', 'yasunori mitsuda', '八音盒', 'Seattle']"
Music Box Classics: Final Fantasy VII,Video Game Music Box,2018-08-14,14,0 days 00:50:44,7,,,"['ff7', 'ffvii', 'final fantasy', 'final fantasy 7', 'final fantasy vii', 'nobuo uematsu', 'soundtrack', 'square enix', 'music box', 'musicbox', 'video game music', 'video game soundtrack', '八音盒', 'Seattle']"
Music Box Classics: Mario,Video Game Music Box,2018-08-14,10,0 days 00:31:16,7,,,"['mario', 'paper mario', 'soundtrack', 'super mario', 'super mario 64', 'super mario bros', 'super mario bros.', 'super mario galaxy', 'music box', 'musicbox', 'video game music', 'video game soundtrack', '八音盒', 'Seattle']"
Music Box Classics: Pok​é​mon,Video Game Music Box,2018-08-14,14,0 days 00:31:19,7,,,"['nintendo', 'pokemon', 'pokemon blue', 'pokemon red', 'pokémon', 'soundtrack', 'junichi masuda', 'music box', 'musicbox', 'video game music', 'video game soundtrack', '八音盒', 'Seattle']"
Music Box Classics: The Legend of Zelda,Video Game Music Box,2018-08-14,14,0 days 00:43:29,7,,,"['breath of the wild', 'koji kondo', 'ocarina of t ime', 'soundtrack', 'the legend of zelda', 'zelda', 'music box', 'musicbox', 'video game music', 'video game soundtrack', '八音盒', 'Seattle']"
Music Box Classics: UNDERTALE,Video Game Music Box,2018-08-14,12,0 days 00:38:40,7,,,"['earthbound', 'soundtrack', 'toby fox', 'undertale', 'undertale remix', 'materia collective', 'music box', 'musicbox', 'video game music', 'video game soundtrack', '八音盒', 'Seattle']"
The Temples: Music from The Legend of Zelda: Ocarina of Time,Ro Panuganti,2018-08-10,8,0 days 00:37:25,7,10,,"['legend of zelda', 'metal', 'progressive rock', 'guitar', 'nintendo', 'prog metal', 'progressive metal', 'vgm', 'video game music', 'video game remix', 'North Carolina']"
Heroes of Light (KINGDOM HEARTS Arrangements),Peter de Vroom,2018-08-07,4,0 days 00:19:18,4,,,"['electronic', 'kairi', 'kingdom hearts', 'peter de vroom', 'riku', 'roxas', 'sora', 'soundtrack', 'squate enic', 'yoko shimomura', 'orchestral', 'piano', 'symphonic', 'video game music', 'Sydney']"
Chicken Assassin: Reloaded (Original Game Soundtrack),Matiss Birkmanis,2018-07-17,20,0 days 00:56:39,7,,,"['soundtrack', 'akupara games', 'indie', 'video game', 'video game music', 'video game soundtrack', 'Los Angeles']"
The Hit Points,The Hit Points,2018-06-29,12,0 days 00:46:03,10,25,,"['acoustic', 'castlevania', 'chrono trigger', 'final fantasy vii', 'journey', 'league of legends', 'pokémon', 'skyrim', 'sonic the hedgehog', 'the elder scrolls', 'bluegrass', 'classical', 'instrumental', 'soundtrack', 'video game music', 'Nashville']"
Repose: A Music Box Collection,Marc Straight,2018-06-26,18,0 days 01:07:58,10,,,"['electronic', 'ambient electronic', 'glitch', 'music box', 'musicbox', 'neo-classical', 'orchestral', 'soundtrack', 'video game music', 'video game soundtrack', '八音盒', 'Pittsburgh']"
Cloney: A Tapped Out Adventure (Original Game Soundtrack),Alexander Brandon,2018-06-21,6,0 days 00:04:26,1,,,"['alexander brandon', 'soundtrack', 'cloney', 'electronic', 'electronica', 'soundtrack', 'video game music', 'video game soundtrack', 'Georgetown']"
0 A​.​D. (Original Game Soundtrack),Omri Lahav,2018-06-08,26,0 days 01:24:03,5,,,"['0ad', 'soundtrack', 'orchestral', 'video game music', 'video game soundtrack', 'world music', 'United States']"
Aven Colony (Original Game Soundtrack),Alexander Brandon,2018-06-08,21,0 days 01:27:31,10,,,"['aven colony', 'materia collective', 'mothership entertainment', 'soundtrack', 'electronic', 'electronica', 'soundtrack', 'video game music', 'video game soundtrack', 'Georgetown']"
Leaving Home: An RPG​-​Inspired Journey,Chris Porter,2018-06-05,18,0 days 00:35:06,7,,,"['soundtrack', 'game music', 'game soundtrack', 'video game music', 'video game soundtrack', 'Japan']"
Ballads of Hyrule,Rozen,2018-05-01,15,0 days 00:45:04,10,25,,"['breath of the wild', 'soundtrack', 'the legend of zelda', 'soundtrack', 'video game music', 'video game soundtrack', 'videogame', 'zelda', 'zelda remix', 'Seattle']"
Ceress and Orea (Original Game Soundtrack),Ryan Fogleman,2018-05-01,13,0 days 00:24:25,5,,,"['ceress and orea', 'ryan fogleman', 'soundtrack', 'indie game', 'original soundtrack', 'video game music', 'video game soundtrack', 'United States']"
Mushroom Guardian (Original Game Soundtrack),Ariel Contreras-Esquivel,2018-04-25,12,0 days 00:15:52,5,,,"['mushroom guardian', 'soundtrack', 'films', 'indie game', 'original soundtrack', 'video game music', 'video game soundtrack', 'video games', 'Los Angeles']"
The Ad Lib Collection,Alexander Brandon,2018-04-24,20,0 days 00:26:35,7,,,"['mod', 'soundtrack', 'ad lib', 'chiptune', 'demoscene', 'electronic', 'electronica', 'fm synth', 'fm synthesis', 'soundtrack', 'video game music', 'video game soundtrack', 'Georgetown']"
"The MOD Collection, Vol. 1",Alexander Brandon,2018-04-24,20,0 days 01:04:43,7,,,"['mod', 'soundtrack', 'chiptune', 'demoscene', 'electronic', 'electronica', 'fm synth', 'fm synthesis', 'soundtrack', 'video game music', 'video game soundtrack', 'Georgetown']"
"The MOD Collection, Vol. 2",Alexander Brandon,2018-04-24,20,0 days 01:18:11,7,,,"['mod', 'soundtrack', 'chiptune', 'demoscene', 'electronic', 'electronica', 'fm synth', 'fm synthesis', 'soundtrack', 'video game music', 'video game soundtrack', 'Georgetown']"
For The King (Original Game Soundtrack),John Robert Matz,2018-04-19,30,0 days 01:05:43,7,,,"['electronic', 'film score', 'for the king', 'john robert matz', 'orchestral', 'soundtrack', 'video game music', 'soundtrack', 'video game music', 'video game soundtrack', 'Chicago']"
Project Destati: DARKNESS,Project Destati,2018-03-28,30,0 days 02:28:22,15,30,,"['soundtrack', 'instrumental', 'kingdom hearts', 'kingdom hearts 3', 'kingdom hearts iii', 'orchestral', 'project destati', 'square enix', 'utada hikaru', 'video game music', 'yoko shimomura', 'Seattle']"
"Return to Zebes (Music from ""Super Metroid"")",Garrett McPherson,2018-03-27,9,0 days 00:29:30,7,,,"['garrett mcpherson', 'kenji yamamoto', 'metroid', 'nintendo', 'soundtrack', 'super metroid', 'materia collective', 'video game music', 'video game soundtrack', 'California']"
Cendric (Original Game Soundtrack),"Ironbell, Susanne Aubert, Matthew Harnage",2018-03-20,36,0 days 01:34:03,5,,,"['cendric', 'ironbell', 'matthew harnage', 'soundtrack', 'susanne aubert', 'video game music', 'film music', 'game audio', 'score', 'vgm', 'video game soundtrack', 'Raleigh']"
"Heart of the Forest (Music from ""Secret of Mana"")",The Travelers VGM,2018-03-16,18,0 days 00:55:00,10,,,"['folk', 'secret of mana', 'seiken densetsu', 'seiken densetsu 2', 'acoustic', 'soundtrack', 'trad', 'traditional', 'vgm', 'video game', 'video game music', 'Seattle']"
"Beneath the Mask (from ""Persona 5"")",Tournament Arc,2018-03-13,1,0 days 00:04:20,1,,,"['p5', 'persona 5', 'shoji meguro', 'soundtrack', 'tournament arc', 'jazz', 'remix', 'soundtrack', 'video game music', 'video games', '目黒 将司', 'Boston']"
"The MOD Collection, Vol. 3",Alexander Brandon,2018-03-13,16,0 days 00:57:12,7,,,"['soundtrack', 'chiptune', 'electronic', 'electronica', 'mod', 'soundtrack', 'video game music', 'video game soundtrack', 'Georgetown']"
UNDERTALE Piano Collections 2,"David Peacock, Augustine Mayuga Gonzales",2018-03-09,16,0 days 00:57:07,10,25,,"['augustine mayuga gonzales', 'classical', 'david peacock', 'piano', 'piano collection', 'piano collections', 'toby fox', 'undertale', 'video game music', 'video game soundtrack', 'Seattle']"
Bacon Man: An Adventure (Original Game Soundtrack),"Braxton Burks, Kyle Landry",2018-03-06,40,0 days 01:16:14,10,,,"['bacon man', 'braxton burks', 'kyle landry', 'skymap games', 'soundtrack', 'pokemon', 'pokemon reorchestrated', 'video game music', 'Seattle']"
Bacon Man: An Adventure (Original Game Soundtrack),"Braxton Burks, Kyle Landry",2018-03-06,40,0 days 01:16:14,10,,,"['bacon man', 'braxton burks', 'kyle landry', 'skymap games', 'soundtrack', 'classical', 'instrumental', 'piano', 'video game music', 'video game soundtrack', 'Los Angeles']"
Where the Water Tastes Like Wine (Original Game Soundtrack),Ryan Ike,2018-02-28,30,0 days 01:42:17,10,,,"['dim bulb games', 'ryan ike', 'soundtrack', 'sting', 'wtwtlw', 'western', 'where the water tastes like wine', 'folk', 'game soundtrack', 'indie games', 'piano', 'video game music', 'Seattle']"
Glory to Metal (A Symphonic Metal Tribute to NieR: Automata),Ferdk,2018-02-27,4,0 days 00:12:58,4,,,"['metal', 'instrumental', 'metal', 'nier', 'nier automata', 'rock', 'soundtrack', 'video game music', 'videogames', 'Argentina']"
Space Noir (Original Game Soundtrack),Alexander Brandon,2018-02-16,14,0 days 00:17:46,7,,,"['alexander brandon', 'n-fusion interactive', 'soundtrack', 'space noir', 'electronic', 'electronica', 'soundtrack', 'video game music', 'video game soundtrack', 'Georgetown']"
"Don't Think Twice (from ""Kingdom Hearts III"")",Tournament Arc,2018-02-12,1,0 days 00:01:42,1,,,"['disney', 'kingdom hearts', 'kingdom hearts 3', 'kingdom hearts iii', 'soundtrack', 'square enix', 'utada hikaru', 'jazz', 'remix', 'soundtrack', 'video game music', 'video games', '宇多田 ヒカル', 'Boston']"
Verdant Skies: Eclipse Mix (Original Game Soundtrack),Troy Strand,2018-02-12,11,0 days 00:31:44,5,,,"['game', 'howling moon software', 'soundtrack', 'troy strand', 'verdant skies', 'game music', 'game soundtrack', 'video game soundtrack', 'Saint Paul']"
Verdant Skies: Summer Mix (Original Game Soundtrack),Troy Strand,2018-02-12,10,0 days 00:26:01,5,,,"['game', 'howling moon software', 'soundtrack', 'troy strand', 'verdant skies', 'game music', 'game soundtrack', 'video game soundtrack', 'Saint Paul']"
Star Vikings Forever (Original Game Soundtrack),Raphael Müller,2018-02-09,10,0 days 00:13:47,5,,,"['akupara games', 'soundtrack', 'star vikings', 'star vikings forever', 'akupara games', 'indie', 'video game', 'video game music', 'video game soundtrack', 'Los Angeles']"
DIVE: Starpath (Original Game Soundtrack),Nick Borrego,2018-02-02,8,0 days 00:19:20,7,,,"['dive starpath', 'soundtrack', 'electronic', 'instrumental', 'materia collective', 'nick borrego', 'orchestral', 'rock', 'soundtrack', 'video game music', 'video game soundtrack', 'Adelaide']"
Double Team! (Music from the Pok​é​mon Games),"Braxton Burks, Eric Buchholz",2018-01-30,12,0 days 00:29:52,7,,,"['braxton burks', 'soundtrack', 'pokemon', 'pokemon reorchestrated', 'pokémon', 'video game music', 'Seattle']"
"Hoenn Summer (Music from ""Pok​é​mon Ruby and Sapphire"")",Braxton Burks,2018-01-30,11,0 days 00:24:45,7,,,"['soundtrack', 'pokemon', 'pokemon reorchestrated', 'video game music', 'Seattle']"
"Kanto Symphony: The Lost Diaries (Music from ""Pok​é​mon Red and Blue"")",Braxton Burks,2018-01-30,8,0 days 00:14:00,5,,,"['soundtrack', 'pokemon', 'pokemon reorchestrated', 'video game music', 'Seattle']"
"The Moon (Orchestral Remix) [from ""DuckTales""]","Laura Platt, Pascal Michael Stiefel",2018-01-26,1,0 days 00:03:37,1,,,"['hiroshige tonomura', 'capcom', 'ducktales', 'ost', 'soundtrack', 'video game soundtrack', 'Seattle']"
Celeste B​-​Sides,Various Artists,2018-01-25,9,0 days 00:34:54,5,,,"['soundtrack', 'celeste', 'deep house', 'digital fusion', 'hip hop', 'lena raine', 'lo-fi', 'rock', 'soundtrack', 'video game music', 'video game soundtrack', 'Seattle']"
Just Fun Custom,Alexander Brandon,2018-01-23,9,0 days 00:28:34,5,,,"['soundtrack', 'electronic', 'electronica', 'jazz jackrabbit', 'soundtrack', 'video game music', 'video game soundtrack', 'Georgetown']"
"Johto Legends (Music from ""Pok​é​mon Gold and Silver"")",Braxton Burks,2018-01-19,30,0 days 01:15:46,15,25,,"['junichi masuda', 'pokemon silver', 'pokemon gold', 'soundtrack', 'pokemon', 'pokemon reorchestrated', 'soundtrack', 'video game music', 'video game soundtrack', 'Seattle']"
Equilinox (Original Game Soundtrack),Jamal Green,2018-01-16,17,0 days 00:52:10,5,,,"['equilinox', 'soundtrack', 'thin matrix', 'film music', 'jamal green', 'video game', 'video game music', 'video game soundtrack', 'United Kingdom']"
Whispering Willows (Original Game Soundtrack),Steve Goldshein,2018-01-09,12,0 days 00:32:07,5,,,"['akupara games', 'soundtrack', 'steve goldshein', 'akupara games', 'indie', 'video game', 'video game music', 'video game soundtrack', 'Los Angeles']"
Harmony of a Champion (Music from Pok​é​mon Red and Green Versions),Shinesparkers,2017-12-22,39,0 days 02:36:34,12,,,"['soundtrack', 'metroid', 'pokemon', 'shinesparkers', 'video game music', 'United Kingdom']"
Reprisal,Harry Lodes,2017-12-19,7,0 days 00:32:52,5,,,"['chiptune', 'dubstep', 'electronic', 'ethnic', 'etrian odyssey', 'final fantasy', 'okami', 'orchestral', 'pokemon', 'super smash bros.', 'the legend of zelda', 'the wind waker', 'traditional japanese', 'Boston']"
BestLuck (Original Game Soundtrack),Spencer Bambrick,2017-12-15,15,0 days 00:19:38,5,,,"['music for video games', 'soundtrack', 'concert music', 'electronic', 'film music', 'interactive music', 'video game music', 'Boston']"
Pluckhead (A Cuphead String Album),String Player Gamer,2017-12-15,11,0 days 00:28:51,7,,,"['acoustic', 'kristofer maddigan', 'mdhr', 'acapella', 'cuphead', 'guitar', 'orchestral', 'soundtrack', 'video game', 'video game music', 'violin', 'Los Angeles']"
Yooka​-​Laylee (Original Game Soundtrack),"Grant Kirkhope, David Wise, Steve Burke",2017-12-14,38,0 days 01:18:50,10,,,"['david wise', 'grant kirkhope', 'materia collective', 'playtonic', 'soundtrack', 'steve burke', 'yooka-laylee', 'video game', 'video game music', 'video game soundtrack', 'video games', 'videogame', 'United Kingdom']"
Sleep Mode,SonikBuster,2017-12-08,6,0 days 00:16:55,5,,,"['lullaby', 'soundtrack', 'video game music', 'Seattle']"
Sins of Hyrule,Rozen,2017-12-01,15,0 days 01:10:14,10,25,40,"['breath of the wild', 'soundtrack', 'the legend of zelda', 'soundtrack', 'video game music', 'video game soundtrack', 'videogame', 'zelda', 'zelda remix', 'Seattle']"
Piano Collections: Pok​é​mon Blue,Trevor Alan Gomes,2017-11-10,38,0 days 01:43:10,15,25,,"['soundtrack', 'classical', 'junichi masuda', 'piano', 'piano collection', 'piano collections', 'pokemon', 'pokemon blue', 'pokemon red', 'soundtrack', 'vgpiano', 'video game', 'video game music', 'video game soundtrack', 'Los Angeles']"
Piano Collections: Pok​é​mon Green,Trevor Alan Gomes,2017-11-10,38,0 days 01:43:10,15,25,,"['soundtrack', 'classical', 'junichi masuda', 'piano', 'piano collection', 'piano collections', 'pokemon', 'pokemon blue', 'pokemon red', 'soundtrack', 'vgpiano', 'video game', 'video game music', 'video game soundtrack', 'Los Angeles']"
Piano Collections: Pok​é​mon Red,Trevor Alan Gomes,2017-11-10,38,0 days 01:43:10,15,25,,"['soundtrack', 'classical', 'junichi masuda', 'piano', 'piano collection', 'piano collections', 'pokemon', 'pokemon blue', 'pokemon red', 'soundtrack', 'vgpiano', 'video game', 'video game music', 'video game soundtrack', 'Los Angeles']"
Piano Collections: Pok​é​mon Yellow,Trevor Alan Gomes,2017-11-10,38,0 days 01:43:10,15,25,,"['soundtrack', 'classical', 'junichi masuda', 'piano', 'piano collection', 'piano collections', 'pokemon', 'pokemon blue', 'pokemon red', 'soundtrack', 'vgpiano', 'video game', 'video game music', 'video game soundtrack', 'Los Angeles']"
YOMOTSU (Original Game Soundtrack),Chris Porter,2017-11-06,11,0 days 00:22:29,5,,,"['akumu games', 'chris porter', 'chris porter music', 'igmc', 'indie game maker contest', 'soundtrack', 'vgm', 'yomotsu', 'game music', 'game soundtrack', 'soundtrack', 'video game music', 'video game soundtrack', 'Japan']"
"Resurrection of the Night (Music from ""Castlevania: Symphony of the Night"")",Wayne Strange &amp; Tim Stoney,2017-10-30,13,0 days 00:47:33,13,,,"['castlevania', 'konami', 'materia collective', 'symphony of the night', 'orchestra', 'soundtrack', 'video game music', 'Seattle']"
Brain​+​Brawn (Original Game Soundtrack),Michael Hoffmann,2017-10-24,4,0 days 00:13:24,4,,,"['electronic', 'soundtrack', 'ambient music', 'piano', 'video game music', 'Maine']"
Thrashlevania (Music from Castlevania),Louie Aronowitz,2017-10-13,7,0 days 00:18:28,6.66,,,"['castlevania', 'konami', 'nintendocore', 'pop', 'punk', 'rock', 'thrash', 'metal', 'ost', 'soundtrack', 'video game music', 'New York']"
Mischief Makers Remixed,Materia Collective,2017-10-12,5,0 days 00:16:43,5,,,"['mischief makers', 'norio hanzawa', 'square enix', 'treasure', 'soundtrack', 'video game music', 'Seattle']"
Tiny Barbarian DX: Ruins of Xanadu OST,Jeff Ball,2017-10-10,15,0 days 00:36:27,7,,,"['soundtrack', 'relaxing music', 'soundtrack', 'tiny barbarian', 'video game music', 'Los Angeles']"
Tiny Barbarian DX: Sinister Tower OST,Jeff Ball,2017-10-10,18,0 days 00:42:52,7,,,"['soundtrack', 'relaxing music', 'soundtrack', 'tiny barbarian', 'video game music', 'Los Angeles']"
Tiny Barbarian DX: The Serpent Lord OST,Jeff Ball,2017-10-10,12,0 days 00:33:18,7,,,"['soundtrack', 'relaxing music', 'soundtrack', 'tiny barbarian', 'video game music', 'Los Angeles']"
Tiny Barbarian DX: The Ultimate Chiptune Compilation,Jeff Ball,2017-10-10,76,0 days 03:02:22,12,,,"['soundtrack', 'relaxing music', 'soundtrack', 'tiny barbarian', 'video game music', 'Los Angeles']"
Tiny Barbarian DX: Threat from Beyond OST,Jeff Ball,2017-10-10,24,0 days 00:54:14,7,,,"['soundtrack', 'relaxing music', 'soundtrack', 'tiny barbarian', 'video game music', 'Los Angeles']"
Ode to the Lovers,The Travelers VGM,2017-10-06,10,0 days 00:39:28,7,,,"['folk', 'scottish', 'acoustic', 'final fantasy', 'irish', 'irish folk', 'irish traditional', 'irish traditional music', 'scottish folk', 'soundtrack', 'trad', 'traditional', 'undertale', 'vgm', 'video game', 'video game music', 'Seattle']"
After Death (Original Game Soundtrack),Francisco Cerda,2017-10-05,15,0 days 01:00:00,7,,,"['16bit', '8bit', 'after death', 'soundtrack', 'chiptune', 'electro', 'fm', 'orchestral', 'ost', 'osv', 'retrowave', 'soundtrack', 'synth', 'synthwave', 'video game music', 'Santiago']"
SPIRIT,Materia Community,2017-10-05,4,0 days 00:22:31,5,,,"['final fantasy vii', 'journey', 'materia collective', 'multiplayer charity', 'pokémon ruby', 'pokémon sapphire', 'soundtrack', 'undertale', 'charity', 'soundtrack', 'video game music', 'video game remix', 'video game soundtrack', 'Seattle']"
Breath of Fire III (Remastered Tracks),Sean Schafianski,2017-10-02,14,0 days 00:34:19,10,,,"['akari kaida', 'breath of fire', 'breath of fire iii', 'capcom', 'soundtrack', 'yoshino aoki', 'covers', 'games', 'materia collective', 'remixes', 'soundtrack', 'vgm', 'video game music', 'Phoenix']"
The Dark Hunter (Music from the Metroid Series),Ro Panuganti,2017-09-22,6,0 days 00:29:17,6,,,"['hirokazu tanaka', 'kenji yamamoto', 'metal', 'metroid', 'metroid prime', 'minako hamano', 'nintendo', 'progressive rock', 'super metroid', 'progressive metal', 'soundtrack', 'video game music', 'North Carolina']"
The Metronomicon: Slay the Dance Floor OST,Various Artists,2017-09-22,52,0 days 03:35:13,15,,,"['metronomicon', 'soundtrack', 'akupara games', 'indie', 'soundtrack', 'video game', 'video game music', 'video game soundtrack', 'Los Angeles']"
Timeline EP,"Marshall Art, Cory Johnson",2017-09-20,4,0 days 00:19:56,4,,,"['chrono trigger', 'earthbound', 'electronic', ""majora's mask"", 'materia collective', 'mother', 'progressive rock', 'rock', 'toby fox', 'undertale', 'zelda 64', 'chiptune', 'post-rock', 'prog rock', 'rock', 'video game music', 'Ottawa']"
UNDERTALE: Strings of Determination (Complete Edition),String Player Gamer,2017-09-15,46,0 days 02:06:36,14,,,"['acoustic', 'strings of determination', 'toby fox', 'undertale', 'acapella', 'guitar', 'orchestral', 'soundtrack', 'string quartet', 'video game', 'video game music', 'violin', 'Los Angeles']"
Sonic BeATS,Funk Fiction,2017-09-09,18,0 days 01:01:40,10,,,"['daft punk', 'disco', 'electronic', 'french house', 'french touch', 'funk', 'funk fiction', 'house', 'jamiroquai', 'nu disco', 'rnb', 'sega', 'sonic', 'soundtrack', 'video game music', 'Los Angeles']"
Another World Symphony,Rich Douglas,2017-09-08,12,0 days 00:19:41,7,,,"['another world', 'jean-françois freitas', 'out of this world', 'outer world', 'soundtrack', 'cinematic', 'film music', 'film soundtrack', 'orchestral', 'soundtrack', 'video game music', 'video game soundtrack', 'アウターワールド', 'Central']"
The Vagrant (Original Game Soundtrack),Gabe Castro,2017-09-05,22,0 days 00:50:38,5,,,"['soundtrack', 'composer', 'fantasy', 'gabe castro', 'materia collective', 'metal', 'metroidvania', 'orchestra', 'orchestral', 'rpg', 'score', 'soundtrack', 'vgm', 'video game music', 'video game soundtrack', 'Los Angeles']"
NieR: Glory to Mankind,"ROZEN, REVEN",2017-09-01,13,0 days 00:53:23,12,,,"['keigo hoashi', 'keiichi okabe', 'nier', 'nier automata', 'soundtrack', 'hybrid', 'materia', 'soundtrack', 'video game music', 'video game soundtrack', 'videogame', 'ニーア オートマタ', 'Seattle']"
Dead Horizon (Original Sound Version),"NICKELPUNK, Aubri McCoy",2017-08-11,13,0 days 00:24:02,4,,,"['dead horizon', 'indie', 'ost', 'soundtrack', 'video game music', 'Seattle']"
West of Loathing (Original Game Soundtrack),Ryan Ike,2017-08-10,20,0 days 00:43:10,5,,29,"['asymmetric', 'soundtrack', 'game soundtrack', 'indie games', 'kingdom of loathing', 'materia collective', 'piano', 'ryan ike', 'soundtrack', 'video game music', 'video game soundtrack', 'west of loathing', 'western', 'Seattle']"
Pulse 2,RoboRob,2017-07-04,4,0 days 00:15:53,4,,,"['chiptune', 'dubstep', 'electro house', 'electronic', 'house', 'electro', 'electro house', 'electrohouse', 'tech house', 'techhouse', 'techno', 'tiny waves', 'video game music', 'Tampa']"
Prelude to a Fantasy (Music from the Final Fantasy series),The Travelers VGM,2017-03-31,5,0 days 00:12:38,5,,,"['folk', 'acoustic', 'celtic', 'concertina', 'ff', 'final fantasy', 'irish', 'nobuo uematsu', 'nordic folk', 'rpg', 'soundtrack', 'trad', 'traditional', 'vgm', 'video game', 'video game music', 'Seattle']"
"Hero of Time (Music from ""The Legend of Zelda: Ocarina of Time"")",Eric Buchholz,2017-03-27,21,0 days 01:14:08,14,20,,"['game music', 'koji kondo', 'ocarina of time', 'soundtrack', 'the legend of zelda', 'video game', 'video game music', 'video game remix', 'zelda', 'orchestral', 'soundtrack', 'videogame', 'zelda', 'Seattle']"
"Souls and Blood (Music Inspired by Demon's Souls, Dark Souls, and Bloodborne)",Marc Straight,2017-03-24,15,0 days 01:23:13,10,20,,"['dark souls', ""demon's souls"", 'electronic', 'marc straight', 'materia collective', 'ambient electronic', 'bloodborne', 'glitch', 'neo-classical', 'orchestral', 'soundtrack', 'video game music', 'Pittsburgh']"
The Wild (Music from The Legend of Zelda: Breath of the Wild),Ro Panuganti,2017-03-14,5,0 days 00:18:35,5,,,"['breath of the wild', 'data casualty', 'koji kondo', 'manaka kataoka', 'metal', 'nintendo', 'progressive rock', 'the legend of zelda', 'zelda', 'prog metal', 'progressive metal', 'video game music', 'North Carolina']"
UNDERTALE Piano Collections,"Augustine Mayuga Gonzales, David Peacock",2017-02-24,15,0 days 01:01:06,10,25,,"['augustine mayuga gonzales', 'classical', 'david peacock', 'piano', 'piano collection', 'piano collections', 'toby fox', 'undertale', 'video game music', 'video game soundtrack', 'Seattle']"
Alola That Jazz,insaneintherainmusic,2017-02-10,8,0 days 00:43:58,10,,,"['jazz', 'alola', 'alola region', 'funk', 'fusion', 'jazz', 'pokemon', 'pokemon moon', 'pokemon sun', 'swing', 'video game music', 'Seattle']"
The Travelers,The Travelers VGM,2017-01-27,15,0 days 00:49:03,7,,,"['folk', 'acoustic', 'celtic', 'nordic', 'slavic', 'trad', 'traditional', 'vgm', 'video game', 'video game music', 'Seattle']"
Frog Fractions 2 (Original Game Soundtrack),Various Artists,2017-01-10,33,0 days 01:31:14,7,,,"['frog fractions', 'glittermitten grove', 'soundtrack', 'electronica', 'folk', 'game soundtrack', 'indie game ost', 'indie games', 'piano', 'retro', 'soundtrack', 'synthwave', 'video game music', 'Seattle']"
Glittermitten Grove (Original Game Soundtrack),Ryan Ike,2017-01-10,6,0 days 00:24:21,,,,"['soundtrack', 'ambient electronic', 'frog fractions', 'game soundtrack', 'indie games', 'melodic', 'piano', 'soundtrack', 'video game music', 'Seattle']"
YIN / YANG: A OneShot Concept Album,Sauraen,2016-12-23,8,0 days 00:25:49,5,,,"['indie', 'materia collective', 'one shot', 'oneshot', 'soundtrack', 'video game music', 'Seattle']"
Snow Horse: Remixed,Jacob Pernell,2016-12-16,6,0 days 00:17:31,1,,,"['game music', 'snow horse', 'soundtrack', 'atmospheric', 'electronic music', 'emotional', 'instrumental', 'California']"
Piano Collections: CHRONO TRIGGER,Trevor Alan Gomes,2016-12-09,10,0 days 00:33:51,10,25,30,"['soundtrack', 'chrono cross', 'chrono trigger', 'classical', 'piano', 'piano collection', 'piano collections', 'soundtrack', 'vgpiano', 'video game', 'video game music', 'video game soundtrack', 'yasunori mitsuda', 'Los Angeles']"
Time's End II: Majora's Mask Remixed,Theophany,2016-11-22,10,0 days 01:04:49,10,22,45,"['game music', 'game music remix', ""majora's mask"", 'materia collective', 'nintendo', 'soundtrack', 'the legend of zelda', 'video game', 'video game remix', 'zelda', 'ambient', 'video game music', 'video game soundtrack', 'videogame', 'Los Angeles']"
MULTIPLAYER III: WAVE,Multiplayer Charity,2016-08-19,33,0 days 01:53:41,7,,,"['banjo kazooie', 'chrono trigger', 'materia collective', 'mega man', 'multiplayer charity', 'ori and the blind forest', 'pokémon', 'soundtrack', 'the legend of zelda', 'undertale', 'charity', 'soundtrack', 'video game music', 'video game remix', 'video game soundtrack', 'Seattle']"
Live at Grillby's,insaneintherainmusic,2016-02-06,9,0 days 00:49:37,8,15,,"['jazz', 'funk', 'fusion', 'insaneintherainmusic', 'smooth jazz', 'swing', 'toby fox', 'undertale', 'video game music', 'Seattle']"
"Dear to the Heart (from ""FINAL FANTASY VII"")",Rozen,2015-10-09,1,0 days 00:02:18,1,,,"['final fantasy', 'final fantasy vii', 'materia collective', 'nobuo uematsu', 'rozen', 'soundtrack', 'square enix', 'orchestral', 'video game music', 'video game soundtrack', 'videogame', 'Seattle']"
Multiplayer II: Co​-​Op,Multiplayer Charity,2015-08-15,26,0 days 01:44:57,15,,,"['crash bandicoot', 'donkey kong country', 'final fantasy', 'journey', 'materia collective', 'multiplayer charity', 'pokémon', 'sonic', 'soundtrack', 'the legend of zelda', 'charity', 'soundtrack', 'video game music', 'video game remix', 'video game soundtrack', 'Seattle']"
The ETHEReal String Project,ETHEReal String Orchestra,2015-07-28,13,0 days 01:02:25,7,,,"['electronica', 'film and game music', 'orchestral', 'pop', 'rock', 'soundtrack', 'game music', 'orchestral', 'string quartet', 'strings', 'video game music', 'video games', 'Portland']"
Project Destati: LIGHT,Project Destati,2014-09-09,22,0 days 01:42:43,15,30,,"['soundtrack', 'instrumental', 'kingdom hearts', 'kingdom hearts 3', 'kingdom hearts iii', 'orchestral', 'project destati', 'square enix', 'utada hikaru', 'video game music', 'yoko shimomura', 'Seattle']"
Multiplayer: A Tribute to Video Games,Multiplayer Charity,2014-07-12,30,0 days 01:55:54,15,,,"['banjo kazooie', 'chrono trigger', 'donkey kong', 'final fantasy', 'kingdom hearts', 'materia collective', 'mega man', 'multiplayer charity', 'okami', 'pokémon', 'soundtrack', 'charity', 'soundtrack', 'video game music', 'video game remix', 'video game soundtrack', 'Seattle']"
Deity Quest Original Soundtrack,Chase Bethea,2014-05-01,29,0 days 01:12:00,6,10,,"['16 bit', '8 bit', 'orchestral hybrid', 'soundtrack', 'ambient', 'chiptuneish', 'experimental', 'fusion', 'modern rpg', 'soundtrack', 'video game music', 'Los Angeles']"
Live At Symphony Hall,Video Game Orchestra,2014-04-11,10,0 days 01:00:06,10,,,"['soundtrack', 'orchestral', 'rock', 'symphonic rock', 'video game music', 'Boston']"
Project Destati: Awakening,Project Destati,2013-09-17,5,0 days 00:18:28,5,,,"['soundtrack', 'instrumental', 'kingdom hearts', 'kingdom hearts 3', 'kingdom hearts iii', 'orchestral', 'project destati', 'square enix', 'utada hikaru', 'video game music', 'yoko shimomura', 'Seattle']"
Time's End: Majora's Mask Remixed,Theophany,2012-12-21,10,0 days 00:53:16,10,20,,"['game music', 'game music remix', ""majora's mask"", 'materia collective', 'nintendo', 'soundtrack', 'the legend of zelda', 'video game', 'video game remix', 'zelda', 'ambient', 'video game music', 'video game soundtrack', 'videogame', 'Los Angeles']"
"Kanto Symphony (Music from ""Pok​é​mon Red and Blue"")",Braxton Burks,2012-10-14,35,0 days 01:18:25,15,25,,"['soundtrack', 'materia collective', 'pokemon', 'pokemon reorchestrated', 'video game music', 'video game soundtrack', 'Seattle']"
Tyrian: Original Soundtrack,Alexander Brandon,2010-08-26,40,0 days 01:03:54,,,,"['epic', 'game', 'megagames', 'music', 'soundtrack', 'tyrian', 'electronic', 'electronica', 'soundtrack', 'tyrian', 'video game music', 'video game soundtrack', 'Georgetown']"
PPPPPP - The VVVVVV soundtrack,Magnus Pålsson,2010-01-10,13,0 days 00:30:31,9.50,,29,"['chiptune', 'electronic', 'magnus pålsson', 'metal', 'chip', 'computer', 'electro', 'game', 'materia collective', 'pppppp', 'retro', 'souleye', 'tracker', 'video game music', 'video game soundtrack', 'vvvvvv', 'Sweden']"
